{
  "width": 1280,
  "height": 720,
  "background": "#0B1220",
  "primary": "#FDE047",
  "secondary": "#E5E7EB",
  "font": "Arial",
  "slides": [
    { "title": "The Seven Gates of Jahannam", "subtitle": "A Qur’an Reminder (15:44)", "duration": 6 },
    { "lines": ["It has seven gates;", "for every gate is a portion designated."], "duration": 6 },
    { "lines": ["We will say to Hell, ‘Are you full?’", "It will say, ‘Are there any more?’"], "duration": 6 },
    { "lines": ["Not to scare — to prepare.", "Justice. No soul is wronged."], "duration": 6 },
    { "lines": ["Protection:", "Faith lived • Prayer on time", "Charity • Truth • Patience • Tawbah"], "duration": 7 },
    { "lines": ["Dua:", "O Allah, save us from the Fire", "and make us steadfast. Ameen."], "duration": 7 }
  ]
}
